Date,Actual_AQI,P10,P50,P90
2019-06-12,189.0,215.24325136135135,260.25332899203374,385.0324964594656
2019-06-13,167.0,177.0940661287989,219.7591867212603,321.15547360700725
2019-06-14,217.0,171.48294797424572,198.25784660546367,241.77984346791538
2019-06-15,205.0,154.52264760838165,161.31832671853238,224.57469156129454
2019-06-16,126.0,183.78924445750516,221.902710906299,273.95642948270535
2019-06-17,119.0,161.49849412483843,209.69623850732674,234.44045705703232
2019-06-18,173.0,119.94905007738203,150.70804133465165,218.04586649205407
2019-06-19,175.0,112.60684985843609,131.06360962753507,169.33304906323752
2019-06-20,178.0,172.38524586205037,206.4836691574502,270.69623457723833
2019-06-21,185.0,145.7594746442022,184.9420975712073,250.23731646208103
2019-06-22,153.0,168.51382468622623,207.10197194874013,235.6220412723896
2019-06-23,118.0,169.84192320011235,216.36960438900982,223.61318282247979
2019-06-24,131.0,122.5263121095468,184.383925849979,255.50691849834146
2019-06-25,161.0,108.35413054109405,142.0183971159201,175.60193397036588
2019-06-26,169.0,137.25988902490425,178.75470787048337,237.56212102393013
2019-06-27,207.0,160.74591363164768,205.50956473757012,258.6241034981968
2019-06-28,223.0,159.59343796979775,207.11928135803453,283.1652303342459
2019-06-29,234.0,171.2297056879811,224.74128900026417,282.6827172696356
2019-06-30,195.0,163.9628361457831,231.16606195967034,276.99991924305687
2019-07-01,202.0,150.5326341638047,191.01216099240642,264.73245538125445
2019-07-02,162.0,147.14896924639652,175.92750885054525,260.3415644547783
2019-07-03,111.0,158.86532110281019,223.77313127428553,317.49101504673456
2019-07-04,113.0,119.62161555574602,178.79394519688054,245.43555212849745
2019-07-05,99.0,100.38820290406613,123.11863969142885,160.9850090288988
2019-07-06,101.0,108.1900656364433,137.3358012678436,208.66037405073908
2019-07-07,129.0,105.84587699652856,129.71328006312444,165.1710463253995
2019-07-08,131.0,100.55836290860204,114.81343569571852,148.2501070319524
2019-07-09,150.0,109.12519359888825,142.9552156406781,203.8114710241106
2019-07-10,300.0,110.28859984472768,138.57445871446453,185.80339474001772
2019-07-11,294.0,102.23136734000488,139.9806050576128,228.2752062460041
2019-07-12,312.0,119.20515769557863,171.58173923056083,308.3563778117682
2019-07-13,243.0,156.2143307721536,213.62771772759956,326.44251744414527
2019-07-14,180.0,157.90057372634283,220.1056847733841,312.35583098203625
2019-07-15,117.0,181.22434888802294,221.77097723211966,293.6493265359433
2019-07-16,92.0,165.26678512809428,178.33978297038524,245.03037790530982
2019-07-17,98.0,118.11487566008013,141.39344724571652,168.0101026518875
2019-07-18,142.0,106.1119530370729,139.62791793256048,176.3270987518702
2019-07-19,137.0,104.4886650941793,135.45143208161846,191.6553354512376
2019-07-20,123.0,148.42446110000498,202.65756196472304,232.92131303882334
2019-07-21,124.0,101.43614228893439,149.0476171377151,220.20461157099922
2019-07-22,156.0,114.49508806131082,150.2681817299514,208.65959884413684
2019-07-23,165.0,106.44024243794634,124.40812160264824,175.8140623469764
2019-07-24,98.0,119.63571837207444,154.4334478594024,191.1023430673403
2019-07-25,94.0,123.05475764188604,150.7070973262332,218.66045915497577
2019-07-26,85.0,95.84892240622912,112.67237429021132,146.19269313803872
2019-07-27,83.0,83.25015731816049,97.02575247918,134.22996643366412
2019-07-28,82.0,72.27172015154605,97.80441600977892,111.31211524622877
2019-07-29,90.0,72.3329371446873,96.49068474987975,112.50774727967547
2019-07-30,90.0,83.53601462080371,106.5960829269048,130.91872908088342
2019-07-31,98.0,79.83908054578903,105.43603438617747,133.26225818643036
2019-08-01,95.0,79.22010174519268,97.04598829472575,124.00452642791794
2019-08-02,104.0,85.31664802676305,97.43087550124754,121.93120533084429
2019-08-03,101.0,79.74532534080716,95.68417716575806,123.6100522501234
2019-08-04,108.0,88.95697993552864,103.03784762714152,123.65301712875522
2019-08-05,99.0,103.31920748074643,106.89861171841416,135.39908039360267
2019-08-06,104.0,103.88929584767843,123.84089247051321,168.83326358353662
2019-08-07,99.0,92.54651409036747,115.92511069625654,128.0671952042624
2019-08-08,89.0,99.5840470296503,103.4232626685754,141.13279125232845
2019-08-09,75.0,86.72033653041404,96.77805268397074,115.48056736929297
2019-08-10,83.0,70.29615581262959,90.77313910313455,108.33879326648831
2019-08-11,80.0,66.9998374335286,90.78650777512571,108.16798394765146
2019-08-12,85.0,80.03613016677068,99.90571182551243,124.40296939803055
2019-08-13,93.0,81.29369410935574,98.87785288309048,123.2337923043762
2019-08-14,93.0,78.6867491310364,96.69546846963009,121.96632097714266
2019-08-15,73.0,85.44459141693325,97.01753468407273,123.70440727147259
2019-08-16,67.0,84.009302798975,103.34559684764795,119.55300399392249
2019-08-17,66.0,68.72776871536979,97.80135443415809,110.64673524546286
2019-08-18,99.0,68.8928483555365,97.09931772989006,113.07241036738827
2019-08-19,103.0,77.90974468188476,105.37253319029627,124.93245453414683
2019-08-20,107.0,103.86326884300121,117.5072775665077,165.9520297826029
2019-08-21,125.0,107.29061935898056,113.4508816213262,164.76082301463558
2019-08-22,130.0,95.45541535950366,116.49491199040857,173.8472301502029
2019-08-23,149.0,112.39970891622764,154.9147265784284,185.08519217370167
2019-08-24,107.0,112.94120845752484,155.18240284804412,184.89246755799527
2019-08-25,77.0,122.52706647393153,180.4370180539049,199.62195714111363
2019-08-26,114.0,101.76163347768272,105.49422519804058,119.8561263602952
2019-08-27,119.0,84.43180264437966,98.3880345000875,117.88720649678534
2019-08-28,103.0,101.37658694121299,128.73193225875784,165.26909332967753
2019-08-29,110.0,110.93820611506861,125.2370865782853,156.39475846831564
2019-08-30,123.0,86.94944465490812,91.16062642348902,110.36857328259335
2019-08-31,123.0,89.53099822100462,102.6065218488195,160.52973235668634
2019-09-01,105.0,111.23368934488994,142.54092873095303,163.20701659646116
2019-09-02,131.0,105.77477237805077,126.76132009172254,125.24012974480335
2019-09-03,165.0,99.46987200396141,124.99265445673852,164.73631237375622
2019-09-04,118.0,107.62308793688132,125.87740495951428,162.9609090957928
2019-09-05,96.0,116.91909472807244,137.8591344684403,184.46833412682756
2019-09-06,95.0,87.9081560400636,106.46368219372006,118.33004266669562
2019-09-07,99.0,85.56261165561376,101.22075495597902,119.57742261290804
2019-09-08,107.0,80.68537846462539,92.42811799673115,118.79032718813077
2019-09-09,139.0,98.1000487195102,108.84222038186063,124.60876536979934
2019-09-10,166.0,95.07256761650139,116.0811302944095,162.54983198364323
2019-09-11,158.0,111.05726968928302,166.01706502092452,220.0112727337894
2019-09-12,103.0,104.3437932818822,143.18386275216687,176.39225260026492
2019-09-13,85.0,101.95286515772638,154.87763952191116,169.32163102997754
2019-09-14,83.0,92.73869914319035,104.26998348646042,113.45001898562158
2019-09-15,111.0,76.15852473897273,89.99386019527734,116.48242133547262
2019-09-16,143.0,83.47956409446353,100.53477675939014,128.16225911206055
2019-09-17,117.0,97.55668027855731,120.8156345722734,169.5607928964784
2019-09-18,80.0,110.39291523418403,174.62418022617067,214.6909195068461
2019-09-19,96.0,99.07872171730675,118.91758377523857,145.33739895584287
2019-09-20,112.0,75.19367220747733,97.63494970134163,108.66518573166312
2019-09-21,86.0,95.0869367881289,130.9497376344631,161.75665523796704
2019-09-22,89.0,90.10281942737205,113.86353834416013,132.35799974724117
2019-09-23,103.0,81.46619350505277,96.15139148020013,122.63063042810286
2019-09-24,100.0,83.97990151725165,100.54592533736304,137.5178128253171
2019-09-25,87.0,94.15123312138167,127.64850515421212,139.88398682888098
2019-09-26,78.0,92.25478842291221,105.35742345986101,117.25033862458359
2019-09-27,78.0,74.01395527159835,93.7194211406591,110.95032902285975
2019-09-28,68.0,69.8126616451255,90.34983672947641,106.62394003911577
2019-09-29,75.0,72.58784437881367,88.52818202337276,112.80134766979374
2019-09-30,98.0,74.87943730496835,91.21342992897821,113.96040701173055
2019-10-01,105.0,81.74971500024934,96.71695026547668,129.3080998649582
2019-10-02,140.0,100.07639098258569,114.18851767605427,137.33625732113563
2019-10-03,113.0,112.80338343075523,117.83212771020568,144.68284070173033
2019-10-04,108.0,129.5549094790267,158.8219146943323,192.0746592780448
2019-10-05,127.0,100.35611316011521,122.37557493556545,144.23036411027175
2019-10-06,133.0,102.78518748018853,133.14070860619321,166.52351417642808
2019-10-07,123.0,129.6976337646393,138.59627714351913,168.04076392557673
2019-10-08,165.0,124.59924843977791,140.55351714790493,169.67579453466172
2019-10-09,208.0,120.90780913110689,138.18941180867546,153.1223951075653
2019-10-10,243.0,145.055362014936,195.1567779864265,262.3976766960863
2019-10-11,235.0,154.86786629737247,202.3258239969861,249.67472316391246
2019-10-12,282.0,200.78628237395387,220.53261363190043,252.62888124125016
2019-10-13,285.0,211.7272107194857,255.55531921343672,261.0635437175227
2019-10-14,291.0,203.93479115075638,252.62882358923727,309.1818948002599
2019-10-15,320.0,221.0444847773036,255.3695014310488,303.6966090876167
2019-10-16,300.0,257.7889440470568,325.4885937092175,372.1684693812619
2019-10-17,265.0,277.8834272663443,293.45141895356466,364.57202937061226
2019-10-18,170.0,254.6596519386564,289.2694850879745,356.3602080396071
2019-10-19,242.0,234.2453452500109,264.8439068225999,331.0077204533137
2019-10-20,254.0,214.05324368028542,255.3850468722222,305.070366236606
2019-10-21,243.0,258.4519541373533,305.09268491579496,340.086953726722
2019-10-22,248.0,279.16318207342056,325.7439131272529,371.6178097786931
2019-10-23,335.0,240.8209341537491,280.5911432677091,344.8279315771842
2019-10-24,331.0,257.80829062584104,316.7187563208378,369.1584894496496
2019-10-25,315.0,266.6783805795656,302.3914406151044,397.71644109589937
2019-10-26,354.0,252.8010142564991,266.77167020952277,343.22831198008265
2019-10-27,417.0,300.25644002972376,321.935735411308,384.66391278512214
2019-10-28,419.0,297.41512578248245,339.7792874771416,374.8555179432003
2019-10-29,452.0,306.93512092820345,393.7627608894728,446.27802335636846
2019-10-30,460.0,330.3467693812533,419.0421834832851,476.7352405412654
2019-10-31,591.0,276.13807139638357,425.9632555954632,471.5458530138044
2019-11-01,473.0,297.350955329007,422.9449804524572,518.2287211516317
2019-11-02,659.0,346.4456797335965,458.4535540307035,601.9382289905494
2019-11-03,532.0,343.13968024285305,430.1549464642586,479.29487052037217
2019-11-04,385.0,362.0687047209917,440.1328657950119,565.386395860908
2019-11-05,265.0,343.08628910384306,391.6914271989987,477.8625484148586
2019-11-06,296.0,323.47396931492005,365.25510704364666,420.8704387549773
2019-11-07,346.0,266.27745788259045,289.8546449526308,396.509660971476
2019-11-08,321.0,318.7791555422442,341.03251863669016,429.1587192120342
2019-11-09,339.0,309.6124018251768,310.22083035161154,395.42665732875275
2019-11-10,376.0,304.0067425223956,356.82105823984347,396.0662874852793
2019-11-11,475.0,328.26117561448734,377.1239249544633,384.32562805106335
2019-11-12,532.0,324.1503678237339,383.47272033869024,437.6554197583533
2019-11-13,537.0,314.6991051898373,438.0902027961061,613.9288722327742
2019-11-14,595.0,317.5793387796034,468.56175655862324,617.1284693883482
2019-11-15,438.0,346.3318872349902,451.10803718342333,562.6674289000429
2019-11-16,273.0,361.6487817321486,448.29531927496765,593.5688654135363
2019-11-17,245.0,298.27446697923443,377.22625317292534,456.64843405700645
2019-11-18,251.0,257.639702584301,285.95304678276835,400.75160273071026
2019-11-19,315.0,273.4821075161691,290.3134500192514,375.2302207005618
2019-11-20,375.0,243.1471894201513,340.46845065672983,393.45825267577476
2019-11-21,377.0,331.4350760169721,387.38989364281787,458.2661801908663
2019-11-22,334.0,352.7168287902136,381.92141592387213,424.10155259863745
2019-11-23,264.0,318.4780578578992,379.0885141577165,431.8920827244695
2019-11-24,269.0,269.3857130474192,318.0395622498949,377.91582480349643
2019-11-25,284.0,258.3903545301792,312.0049174919651,349.84632983549085
2019-11-26,166.0,281.40757574810067,325.65923892247594,377.9246110958882
2019-11-27,106.0,275.5419406365296,329.3760969735168,369.0162880283529
2019-11-28,89.0,212.5882985763216,282.69712553226503,323.5286060389646
2019-11-29,175.0,122.25681333955293,181.1050799159293,228.7682710171261
2019-11-30,257.0,134.96574080222493,177.93833914893304,238.27276294419556
2019-12-01,299.0,198.6521200514755,231.0196560792452,283.700361833092
2019-12-02,302.0,222.90093097287573,276.0964387357361,317.5902251799664
2019-12-03,313.0,236.93275175261334,275.2691015784936,366.21650714113883
2019-12-04,389.0,214.15400462815182,274.5637817810913,334.2828968282098
2019-12-05,423.0,262.67688287452313,301.8106777806941,342.1551326960371
2019-12-06,382.0,300.4282356835333,327.6446184613595,420.049178633187
2019-12-07,404.0,305.105130766268,410.57226428042355,475.4026337648101
2019-12-08,371.0,307.63608041752167,400.74416928434204,446.9017587119359
2019-12-09,377.0,297.96138766975156,402.66199348621683,440.5692864116433
2019-12-10,430.0,318.9924395603551,382.0464046100285,441.8615297654516
2019-12-11,471.0,311.07269011140204,405.87142150396875,466.4472097191962
2019-12-12,322.0,354.8196165063779,414.5537527222188,438.0437256770662
2019-12-13,179.0,318.8116706247406,415.6143381806312,446.7397719533961
2019-12-14,205.0,233.48452894659948,316.62661778227226,394.53095364975684
2019-12-15,202.0,239.6772240482833,271.6428313565464,370.8596861226932
2019-12-16,178.0,248.53905551777504,313.6259988366845,334.13799389713904
2019-12-17,273.0,235.8333791709171,297.42549292087347,342.7116512704553
2019-12-18,354.0,227.14848646088964,289.0632495294121,337.0029514799161
2019-12-19,452.0,304.842976991235,311.8294919615838,385.42734829956527
2019-12-20,441.0,293.32944175233644,308.9340981293877,431.0916496162883
2019-12-21,351.0,278.64844727825357,339.54134166531185,494.9129978217375
2019-12-22,321.0,286.82073663903134,347.18973855731286,456.3666324258023
2019-12-23,376.0,300.5398546450099,321.2911262678358,372.9946458865981
2019-12-24,384.0,293.47711454693723,342.8479590401225,388.70334382748393
2019-12-25,340.0,325.4192939966759,402.74550119827876,453.0696806507319
2019-12-26,372.0,302.52697944824797,376.8545520437824,417.68541649245026
2019-12-27,425.0,344.3783092581081,392.3076119229918,424.7325263919251
2019-12-28,455.0,339.0593440261474,391.3181395786295,429.1425718892427
2019-12-29,506.0,354.66771702951746,416.00584331796676,461.43403771889956
2019-12-30,417.0,285.6627000069814,405.1711176304877,507.1084118889425
2019-12-31,492.0,307.893588839614,416.7116278836885,480.6295189711981
2020-01-01,485.0,267.88244390167114,364.64529882865486,405.6462462703519
2020-01-02,426.0,276.07336495498413,418.93816466276957,540.0646123738202
2020-01-03,366.0,325.71225434720014,429.8375208749658,489.0147103404174
2020-01-04,354.0,349.57847224265805,370.9641693730753,465.88644433325464
2020-01-05,335.0,323.5820024067659,339.62465774199336,417.85083774487936
2020-01-06,285.0,301.49549619332856,326.8507176818348,370.7937921329762
2020-01-07,281.0,322.3660322426664,351.72948072607073,380.20623107439246
2020-01-08,231.0,271.3918501516152,325.9135190486261,374.8227324069367
2020-01-09,255.0,272.0759756048341,323.6302538357163,329.9758370063523
2020-01-10,309.0,217.76642823500978,261.3503288455795,299.2703421777755
2020-01-11,352.0,273.04942881417315,319.7217908967353,341.7595832862299
2020-01-12,381.0,278.3595008380562,312.17583560003044,372.9217777781887
2020-01-13,314.0,306.2901695252505,343.94922685064773,406.5913266132834
2020-01-14,241.0,296.0239069729817,325.4658859260174,425.4792987413196
2020-01-15,286.0,237.92635411278306,291.80951888465603,324.6306645543074
2020-01-16,287.0,230.30621595271037,283.5852978632103,335.740206221655
2020-01-17,262.0,273.06795532668866,308.28344563736607,358.0279133955984
2020-01-18,290.0,236.5404110660791,263.0630251633325,303.03005207460484
2020-01-19,282.0,264.6995624426641,315.35461776491695,325.96373712866585
2020-01-20,359.0,264.3193428267109,324.5447328038944,328.1000896515935
2020-01-21,378.0,272.10462175020945,321.9244299772487,378.86053673006705
2020-01-22,273.0,286.4532428317352,328.45899742063256,393.35889389836836
2020-01-23,155.0,285.8667792697268,296.9332198286013,365.73403969108233
2020-01-24,251.0,223.47151575524555,230.7872977205748,307.3748952437575
2020-01-25,349.0,185.87118319865408,264.72874639663604,279.86339270532426
2020-01-26,365.0,251.28589989127371,310.60405119220223,377.9977834116465
2020-01-27,302.0,282.9977101112466,320.513405662544,366.8318285070192
2020-01-28,218.0,298.2036801903221,341.90102833643454,413.88769052627714
2020-01-29,195.0,237.23494918960736,284.64974297946026,304.19270772278304
2020-01-30,203.0,202.73761619562987,252.5862296702882,270.96800232773023
2020-01-31,244.0,202.7337914625893,271.2961731963908,289.8616063199879
2020-02-01,254.0,186.15491670053072,269.7717217470468,267.65994901151726
2020-02-02,297.0,215.61088372359853,265.9286545879611,267.96795012240136
2020-02-03,336.0,234.62914758271185,294.98231188395175,296.17241385873433
2020-02-04,344.0,228.31377309356486,309.2405945913565,368.8292578976495
2020-02-05,277.0,236.8334004263408,319.8067942254913,368.6065598361925
2020-02-06,307.0,276.6888910238465,306.5352936163489,362.8005920080369
2020-02-07,315.0,240.34413441149377,308.21254219751427,335.9957443125391
2020-02-08,310.0,269.58241530043745,294.18006650348303,352.3139885723052
2020-02-09,328.0,254.3656323336666,302.9873723454852,354.88406390516604
2020-02-10,347.0,294.13626358821796,330.4026556628019,378.7788309486222
2020-02-11,343.0,264.37045879660616,306.7061480469272,364.5350572260873
2020-02-12,279.0,267.810062071603,310.6211493050597,366.92793941309765
2020-02-13,186.0,280.1009235347173,308.6452532387513,371.9671560416178
2020-02-14,174.0,221.43057974902294,278.2751273401322,320.2543370304371
2020-02-15,254.0,207.45937894923196,222.87195694366136,294.61215377297094
2020-02-16,323.0,199.17907674653551,271.10487816047475,317.7566604921265
2020-02-17,292.0,243.41324635271343,344.4165398573281,351.21362415832425
2020-02-18,300.0,253.91414632749542,311.42113129525274,357.26844097135216
2020-02-19,253.0,237.89836134029807,317.60593926184987,336.2917378189608
2020-02-20,170.0,246.28682099241274,286.6846410538376,342.1913698723421
2020-02-21,104.0,191.4713961021496,281.5900310484881,317.58015988211184
2020-02-22,221.0,152.2864709254938,198.37876346156008,211.343201531405
2020-02-23,169.0,135.2038375224182,205.63142473292143,246.2750743693465
2020-02-24,244.0,168.94780957566508,240.06505134008887,274.9672385142345
2020-02-25,303.0,163.92912266254683,208.8950683549887,262.34770862107797
2020-02-26,270.0,179.30915150642818,272.0247210346995,316.4155930051687
2020-02-27,214.0,189.6155000943389,252.63792376313376,325.98058490871244
2020-02-28,144.0,177.9089433945031,217.95979458133849,280.84894826435067
2020-02-29,105.0,170.17902155204362,175.45130360220148,240.11770989191476
2020-03-01,192.0,147.75072459773907,180.719105670754,204.5835795680836
2020-03-02,226.0,122.61930752632868,170.4613111661926,196.4693260549747
2020-03-03,200.0,156.2147810294053,231.67371849317908,282.2577238080449
2020-03-04,112.0,166.66498850648097,215.15592924362883,280.4741981374686
2020-03-05,82.0,156.05429880868508,227.46565641611494,285.0494847626424
2020-03-06,77.0,118.99883383431913,136.9481657790364,155.93746644862756
2020-03-07,156.0,96.12076587519616,130.93896041444708,146.25122960174895
2020-03-08,138.0,78.938596024924,120.84690601429311,152.93286902354558
2020-03-09,186.0,153.29687716084888,203.2340608144072,247.50351059725617
2020-03-10,128.0,115.65917527843864,157.99838470597808,219.3085039034299
2020-03-11,125.0,128.37556092379523,206.98469760444016,285.956845893543
2020-03-12,170.0,99.60357081615746,133.74963947476724,161.92766123929744
2020-03-13,131.0,120.92429739772832,173.0592102345204,209.4341936942014
2020-03-14,124.0,114.49695908452782,162.83297386680024,216.08902203730833
2020-03-15,148.0,116.9826311355804,134.42506518536462,150.6190542695738
2020-03-16,164.0,120.88002254670009,159.7986864689931,204.84168948557576
2020-03-17,162.0,124.84383397995708,202.88636926359922,253.2130347979512
2020-03-18,191.0,115.02058672031157,175.5219024981153,220.58121225338587
2020-03-19,209.0,119.71295109999727,161.2958871760738,224.07000876077092
2020-03-20,205.0,183.35475153437136,230.41255168016684,277.0960652003232
2020-03-21,198.0,183.03254379584322,216.79250753262008,251.2375252920059
2020-03-22,127.0,176.62977820878547,180.96513640907932,236.7486015903356
2020-03-23,124.0,164.21951202727416,196.3354769650445,268.82511172818164
2020-03-24,92.0,134.17484491521813,183.13155649307947,226.05508231534432
2020-03-25,93.0,132.22993950102926,180.24944304679062,232.02528497811397
2020-03-26,76.0,104.21529889450952,144.44207102034323,180.0284852423131
2020-03-27,51.0,102.39979717265683,128.7962985220737,150.14072361178114
2020-03-28,64.0,74.64839707590791,105.23296016050618,144.55733119707693
2020-03-29,74.0,76.20322420765117,102.78025784760156,124.08540855329343
2020-03-30,81.0,70.81829291841375,103.3426573515262,123.64940672231404
2020-03-31,80.0,73.26237122080184,107.11130460481267,130.5105228681457
2020-04-01,78.0,77.80996052126837,100.51746568709453,127.8790455782202
2020-04-02,84.0,75.39096875540965,100.77646853289838,125.37460748398476
2020-04-03,90.0,71.39972296947325,101.3475644444033,118.86709849415256
2020-04-04,103.0,70.93050756535092,100.03615167587624,118.71632503549783
2020-04-05,134.0,82.49641041442399,98.67508772632699,131.0608720094438
2020-04-06,100.0,110.28585228971563,113.9521452814681,141.17428824462178
2020-04-07,91.0,116.32174094688234,139.4061691785571,155.96874480123347
2020-04-08,89.0,94.26180753089977,117.47973583393502,131.92128856641963
2020-04-09,111.0,80.87026371014085,97.05120170985407,118.57968643197201
2020-04-10,126.0,78.1582367170139,104.61478544427902,125.50059814066222
2020-04-11,102.0,99.73927260611691,125.4864893850747,153.71617137170608
2020-04-12,119.0,105.69675395838172,129.8399089140939,146.9902407969332
2020-04-13,134.0,94.44562998420693,107.18589247956898,127.94618480949644
2020-04-14,152.0,121.25082445302696,134.73748373542503,159.7070260999406
2020-04-15,172.0,118.9228105550919,167.4652586214555,196.02583824614223
2020-04-16,123.0,109.0430980470807,189.6162092089116,217.82325938638817
2020-04-17,102.0,108.97313441520927,154.43890702865144,237.02883215010903
2020-04-18,95.0,89.90545457643888,112.02811111888961,134.647650813416
2020-04-19,115.0,86.78501397156666,113.47351501384486,163.68776145659353
2020-04-20,102.0,90.57563351509026,100.3349161605074,144.77882893426576
2020-04-21,122.0,105.21666707919687,132.30540112856812,196.347881015387
2020-04-22,129.0,97.5114354510794,108.06126413468522,130.90304505895017
2020-04-23,143.0,117.09777149608549,153.1081731491289,175.28143615382692
2020-04-24,121.0,106.63129036048122,127.0878131591378,164.83498632172038
2020-04-25,119.0,110.92909092047309,163.37453443830765,194.2497355111282
2020-04-26,98.0,93.0898400614549,117.55628635353186,119.41323090298006
2020-04-27,105.0,105.6615913472949,137.20528906291716,146.00487937989962
2020-04-28,123.0,94.37153800947371,101.80945741378098,118.88308913703511
2020-04-29,128.0,96.29187099402755,108.34589188420873,130.57366131686237
2020-04-30,140.0,101.77340175525754,129.0897624917006,168.74013396497125
2020-05-01,127.0,96.1412069608211,116.7440640113623,144.11610525461697
2020-05-02,110.0,100.97668603583057,141.4965715486513,176.9548154928216
2020-05-03,92.0,92.87949446250838,117.59478826443184,131.5787452985122
2020-05-04,117.0,96.35282635973991,107.37253128998587,120.95993807508034
2020-05-05,139.0,84.91524061206962,93.2900682757106,118.48311604952666
2020-05-06,140.0,96.07042432536598,125.54273533891946,159.52875847220272
2020-05-07,138.0,104.41015307415671,151.60369112959185,189.56950254539922
2020-05-08,142.0,91.91524884432448,109.60290103350322,138.85986390704676
2020-05-09,127.0,94.63403911093829,127.55325528205005,158.09542102278078
2020-05-10,113.0,102.42487227324897,150.78616789538574,161.73660539090332
2020-05-11,122.0,105.64624259109962,154.54540172210085,186.3610874283516
2020-05-12,132.0,96.35398073444668,113.52863898000793,157.346375460846
2020-05-13,154.0,99.05561090087302,116.99955366189725,159.52193640006593
2020-05-14,125.0,110.23731879433444,149.04287819910016,204.49417319865472
2020-05-15,175.0,110.3939884517457,160.64782857787887,200.73278823334414
2020-05-16,202.0,95.11597089659179,116.30707473960477,169.5871100392943
2020-05-17,222.0,121.77521632649162,170.17262011039895,238.29530619583252
2020-05-18,238.0,130.12255092116317,176.9840822054397,237.91364875881436
2020-05-19,196.0,153.1712332436246,186.35572396124488,265.1276787093148
2020-05-20,149.0,181.09510470589157,256.45572577775636,251.01041088776995
2020-05-21,199.0,166.74251694884092,188.58119413359898,244.65054915114396
2020-05-22,202.0,123.42701910423915,158.5500910934741,219.31442369420353
2020-05-23,174.0,175.26662001827788,220.8143567235991,265.2391894143043
2020-05-24,157.0,158.94545828570338,206.24018225049778,241.32759264651466
2020-05-25,153.0,137.07990980199568,202.4640953619843,250.42178483579428
2020-05-26,156.0,146.69273037767027,165.13588248020832,235.83350431020884
2020-05-27,174.0,155.07922943700626,200.93368278704483,245.76493051800557
2020-05-28,129.0,135.86868267325764,172.24270119866642,242.89709491187998
2020-05-29,84.0,134.3041053527688,216.33474014315678,291.8109842799169
2020-05-30,80.0,111.84929276159419,130.85618972421796,152.38799284771136
2020-05-31,100.0,77.99640450692225,99.76249471792725,134.859298625026
2020-06-01,123.0,75.91982818619351,107.60087368628565,152.05808456212156
2020-06-02,123.0,97.87378824339619,109.91031839149561,142.251845806094
2020-06-03,144.0,108.06983599282552,125.80204396714142,175.41629221493733
2020-06-04,126.0,105.69310154090815,138.6589363960189,177.02554613116615
2020-06-05,102.0,100.9877355934124,151.88800751237042,185.86824914960476
2020-06-06,104.0,94.33341802872371,126.82823301015657,132.15064282809226
2020-06-07,112.0,88.438258302828,106.18329088047034,119.51782796997747
2020-06-08,138.0,99.86057377148171,112.02598560665668,132.48284793488915
2020-06-09,154.0,94.35526629394754,109.9880681739417,172.53176767692014
2020-06-10,142.0,106.2154566901481,136.7448592176387,178.00834202143008
2020-06-11,152.0,115.7754303840945,157.63626348959332,187.7973710666262
2020-06-12,132.0,102.53907417467121,138.57103641131488,172.75268860248448
2020-06-13,147.0,114.40225779696654,155.68430168897928,207.42129503257243
2020-06-14,130.0,101.07665770664597,131.98517616496616,189.94121357043144
2020-06-15,126.0,109.01675668980654,141.30723193583444,209.26226326492076
2020-06-16,110.0,107.6179967146195,123.21627147699296,193.7125195425518
2020-06-17,107.0,108.33504420778819,134.3418843595307,197.79106113632054
2020-06-18,132.0,87.92599413447684,102.10991290375887,145.7777659331184
2020-06-19,158.0,86.65378568336078,107.60346312240446,171.44570492368987
2020-06-20,105.0,94.43201859806837,130.79369193308517,176.0405461848993
2020-06-21,104.0,93.37369653718348,145.50677301010708,189.9062839090827
2020-06-22,85.0,97.45558276198368,102.94352504769607,125.65474616253104
2020-06-23,71.0,94.5282344373791,101.01243242615017,137.1462482352885
2020-06-24,86.0,73.1425552024308,97.50196326126532,118.93963876156897
2020-06-25,104.0,72.76750881632135,98.54037566852283,121.53874934004924
2020-06-26,112.0,72.44229788385222,97.54808411636097,128.4658791561436
2020-06-27,196.0,89.87502596956399,117.23060494089464,171.27524000859972
2020-06-28,233.0,88.996303596868,116.56670795135852,158.30364372610495
2020-06-29,114.0,114.19702114413182,188.5621820134656,262.87695171412145
2020-06-30,101.0,120.40281435693913,218.84297949019896,265.8649514243857
